{
  "58main": {
    "header.deposit": "充币",
    "header.withdraw": "提币",
    "users.authTip": "根据国家关于虚拟货币交易监管政策，用户需完成实名认证才可进行提币操作。",
    "users.modifyWithdraw": "用于修改密码，提币二次确认等",
    "users.resetFundPasswordTip": "温馨提示：重置资金密码24小时内不可以提币，人工无法解除",
    "users.makeMoneySuccess": "数字货币提币成功",
    "users.makeMoneyFail": "数字货币提币失败",
    "users.tradingAndWithdrawals": "用于交易及提币",
    "users.modifyTips": "温馨提示：修改手机号码24小时内不可以提币，人工无法解除",
    "account.deposit": "充币",
    "account.withdraw": "提币",
    "account.depositAddress": "充币地址",
    "account.depositAddressTip": "注：充币后请在充币提币账户查看到账情况",
    "account.depositAgree": "充币须知",
    "account.depositAgree1": "使用{currency}地址充币需要{amount}个网络确认才能到账，使用站内账户间转账无需网络确认，可以实时到账。",
    "account.depositAgree3": "最小充币金额：{amount} {currency}，小于最小金额的充币将不会到账。",
    "account.depositAgree4": "请勿向上述地址充币任何非 {currency} 资产，否则资产将不可找回。",
    "account.depositAgree5": "充币 {currency} 到 58 coin 需要一个充币地址和标签，请务必填写并仔细核对，若填写错误，资产将不可找回。",
    "account.getWithdrawAddress": "提币到{coin}地址",
    "account.withdrawAmount": "提币数量",
    "account.placeWithdrawNumber": "请输入提币数量",
    "account.withdrawRecord": "提币记录",
    "account.depositRecord": "充币记录",
    "account.tenWithdrawRecord": "最近10笔提币记录",
    "account.withdrawDate": "提币时间",
    "account.withdrawNumber": "提币账户",
    "account.actualAmount": "提币数量",
    "account.withdrawAddress": "提币地址",
    "account.trustMessage": "向信任账户提币将不再输入资金密码，短信验证码以及 Google 验证码",
    "account.takeFeeMessage": "提币手续费将从可用余额中额外扣除",
    "account.takeFeeMessageLength": "手续费为您此次提币设置最大手续费，我们会根据系统最优逻辑提高理论到账速度并最大程度减小您的提币手续费，具体手续费以提币记录中的实际手续费为准。提币手续费需在提币数量外额外扣除，实际到账与提币数量一致。",
    "account.makeMoney": "数字货币提币",
    "account.rechargeRecord": "最近10笔充币记录",
    "account.rechargeAddress": "充币地址或Txid",
    "account.rechargeQuantity": "充币数量",
    "account.addressTip": "充币后请在充币提币账户查看到账情况",
    "account.58BTips": "该币种不能提币到外部地址",
    "account.riskWarningContent": "UCC 全称为 UniChange Coin，充币前请仔细核对，向该地址充币任何非 UniChange Coin 资产，资产将不可找回。",
    "account.UCCAddressTip": "UCC 全称为 UniChange Coin，充币前请仔细核对，向该地址充币任何非 UniChange Coin 资产，资产将不可找回。",
    "errorMessage.drawNumber": "请输入正确的提币数量",
    "promptInformation.withdrawalAmount": "请输入提币金额",
    "promptInformation.minimumCash": "最低提币额度为100",
    "promptInformation.amountLimit": "提币金额不能超过账户余额",
    "promptInformation.videoCertification": "提币金额大于5000需要进行视频认证",
    "promptInformation.drawTheNumber": "请输入提币数量",
    "errorCode.142": "不能提币到外部地址",
    "errorCode.211": "该币种当前暂停提币",
    "errorCode.212": "该币种暂时无法提币，请联系客服",
    "errorCode.0001": "申请提币成功",
    "safeNotice.safeNoticeName3": "充币",
    "safeNotice.safeNoticeName4": "提币",
    "depositStatus.successed": "充币成功",
    "depositStatus.failed": "充币失败",
    "action.cz": "充币",
    "action.tx": "提币",
    "typeList.cz": "充币",
    "typeList.tx": "提币",
    "typeList.fee": "提币手续费",
    "status.withdraw5": "处理完毕，提币中"
  },
  "58new-otc": {
    "header.deposit": "充币",
    "header.withdraw": "提币"
  },
  "58new-spot": {
    "header.deposit": "充币",
    "header.withdraw": "提币",
    "depositStates.SUCCESSED": "充币成功",
    "depositStates.FAILED": "充币失败"
  },
  "new-swap": {
    "header.deposit": "充币",
    "header.withdraw": "提币",
    "depositStates.SUCCESSED": "充币成功",
    "depositStates.FAILED": " 充币失败"
  },
  "58c2c-loan": {
    "header.deposit": "充币",
    "header.withdraw": "提币",
    "promptInformation.withdrawalAmount": "请输入提币金额",
    "promptInformation.minimumCash": "最低提币额度为100",
    "promptInformation.amountLimit": "提币金额不能超过账户余额",
    "promptInformation.videoCertification": "提币金额大于5000需要进行视频认证",
    "promptInformation.drawTheNumber": "请输入提币数量",
    "errorMessage.drawNumber": "请输入正确的提币数量"
  },
  "58nuxt-usdt": {
    "header.deposit": "充币",
    "header.withdraw": "提币",
    "depositStates.SUCCESSED": "充币成功",
    "depositStates.FAILED": " 充币失败",
    "reference.overview.paragraph3.p4": "<span style=\"display: inline-block;margin-right:8px;width:6px;height:6px;border-radius: 3px;background-color: #888;\"></span><a href=\"/information\" style=\"color: #597ab9\">资产信息</a>︰此选项卡显示所有你的帐户信息，如当前比特币和可用保证金余额，存款、提币信息、 交易历史和推荐计划信息。",
    "reference.questions.paragraph4.p4": "<span style=\"display: inline-block;margin-right:8px;width:6px;height:6px;border-radius: 3px;background-color: #888;\"></span>提币比特币需要费用么？",
    "reference.questions.paragraph5.p3": "在 “账户” 选项卡下，点击钱包，选择相应币种充币链接，然后你会得到一个多重签名的比特币存款地址。 在一个网络确认后，资金将存入你的帐户。"
  },
  "58nuxt-mixed": {
    "header.deposit": "充币",
    "header.withdraw": "提币",
    "depositStates.SUCCESSED": "充币成功",
    "depositStates.FAILED": " 充币失败",
    "reference.overview.paragraph3.p4": "<span style=\"display: inline-block;margin-right:8px;width:6px;height:6px;border-radius: 3px;background-color: #888;\"></span><a href=\"/information\" style=\"color: #597ab9\">资产信息</a>︰此选项卡显示所有你的帐户信息，如当前比特币和可用保证金余额，存款、提币信息、 交易历史和推荐计划信息。",
    "reference.questions.paragraph4.p4": "<span style=\"display: inline-block;margin-right:8px;width:6px;height:6px;border-radius: 3px;background-color: #888;\"></span>提币比特币需要费用么？",
    "reference.questions.paragraph5.p3": "在 “账户” 选项卡下，点击钱包，选择相应币种充币链接，然后你会得到一个多重签名的比特币存款地址。 在一个网络确认后，资金将存入你的帐户。"
  },
  "58half": {
    "header.deposit": "充币",
    "header.withdraw": "提币",
    "depositStates.SUCCESSED": "充币成功",
    "depositStates.FAILED": " 充币失败",
    "reference.overview.paragraph3.p4": "<span style=\"display: inline-block;margin-right:8px;width:6px;height:6px;border-radius: 3px;background-color: #888;\"></span><a href=\"/information\" style=\"color: #597ab9\">资产信息</a>︰此选项卡显示所有你的帐户信息，如当前比特币和可用保证金余额，存款、提币信息、 交易历史和推荐计划信息。",
    "reference.questions.paragraph4.p4": "<span style=\"display: inline-block;margin-right:8px;width:6px;height:6px;border-radius: 3px;background-color: #888;\"></span>提币比特币需要费用么？",
    "reference.questions.paragraph5.p3": "在 “账户” 选项卡下，点击钱包，选择相应币种充币链接，然后你会得到一个多重签名的比特币存款地址。 在一个网络确认后，资金将存入你的帐户。"
  }
}
