{
  "58main": {
    "header.deposit": "入金",
    "header.withdraw": "出金",
    "users.authTip": "本利用規約の準拠法は中国仮想通貨取引に関する法令とし、ユーザー様が実名認証を完了してから出金ができるようになります",
    "users.modifyWithdraw": "パスワード変更及び出金の二回確認などに使われる",
    "users.resetFundPasswordTip": "PS：ファンドパスワードがリセット完了後24時間以内に出金ができません，スタッフもアンロックできません",
    "users.makeMoneySuccess": "トークンの出金が完了",
    "users.makeMoneyFail": "トークンの出金が失敗",
    "users.tradingAndWithdrawals": "取引や出金に使われる",
    "users.modifyTips": "注意：携帯番号変更してからの24時間以内には出金できない状態となり、スタッフでもアンロックできません",
    "account.depositAddress": "入金アドレス",
    "account.depositAddressTip": "注意：入金完了後、アカウントで着金をご確認ください",
    "account.depositAgree": "入金注意事項",
    "account.depositAgree1": " {currency}アドレスで入金するには{amount}のネット確認が必要、内部アカウント間の振込はネット確認不要で、リアルタイムに着金できます。",
    "account.depositAgree3": "入金の最小金額：{amount} {currency}，入金金額が最小金額以下の場合、着金できません。",
    "account.depositAgree4": "資産を取り戻せなくなるため、以上のアドレスに非 {currency} 資産を入金しないでください。",
    "account.depositAgree5": "{currency}を58COINへと入金する時、入金アドレスとタグが必要です。情報を間違ったら資産を二度と取り戻せないため、是非ご注意し入力してください。",
    "account.getWithdrawAddress": "{coin}アドレスに出金",
    "account.withdrawAmount": "出金数量",
    "account.placeWithdrawNumber": "出金数量を入力してください",
    "account.withdrawRecord": "出金履歴",
    "account.depositRecord": "入金履歴",
    "account.tenWithdrawRecord": "直近10件の出金記録",
    "account.withdrawDate": "出金時間",
    "account.withdrawNumber": "出金アカウント",
    "account.actualAmount": "出金数量",
    "account.withdrawAddress": "出金アドレス",
    "account.trustMessage": "信頼アカウントに出金する時に、ファンドパスワードやメール認証コード、Google認証コードの入力不要、",
    "account.takeFeeMessage": "出金手数料は残高から引きます",
    "account.takeFeeMessageLength": "今回の出金には手数料を最大限に設定したが、システム最適化理論を通して入金速度を上げ、同時に出金手数料をできるだけ抑え，具体的に出金履歴での確実手数料を基準にする。出金手数料は出金数量以外から引きます，リアル着金金額は出金金額と一致する。",
    "account.rechargeRecord": "直近10件の入金記録",
    "account.rechargeAddress": "入金アドレスまたはTxid",
    "account.rechargeQuantity": "入金数量",
    "account.addressTip": "入出金アカウントで着金を確認できる",
    "account.58BTips": "外部へ当トークンを出金することができません",
    "account.riskWarningContent": "UCC のフルネームが UniChange Coinであり、入金する前によくご確認ください。こちらのアドレスに非UniChange Coin資産を入金してしまったら、取り戻すことができなくなります。",
    "errorMessage.drawNumber": "正しい出金数量を入力してください",
    "promptInformation.withdrawalAmount": "出金金額を入力してください",
    "promptInformation.minimumCash": "出金最小値は100",
    "promptInformation.amountLimit": "出金金額は残高を超えてはいけません",
    "promptInformation.videoCertification": "出金金額が5000を越える場合、ビデオ認証が必要です",
    "errorCode.142": "外部アドレスへの出金は支持できません",
    "errorCode.211": "当トークンの出金業務は現在一時停止している",
    "errorCode.212": "当トークンの出金業務は現在一時停止している。カスタマーサポートにご連絡ください。",
    "errorCode.0001": "出金の申し込み成功",
    "depositStatus.successed": "入金成功",
    "depositStatus.failed": "入金失败",
    "typeList.fee": "出金手数料",
    "status.withdraw5": "処理完了，出金中"
  },
  "58new-spot": {
    "depositStates.FAILED": " 入金失敗"
  },
  "new-swap": {},
  "58nuxt-usdt": {
    "reference.overview.paragraph3.p4": "<span style=\"display: inline-block;margin-right:8px;width:6px;height:6px;border-radius: 3px;background-color: #888;\"></span><a href=\"/reference\" style=\"color: #597ab9\">資産情報</a>︰このタブはあなたの全てのアカウント情報を確認できます。例えば現行のビットコイン及び利用可能証拠金残高や入金、出金情報、取引履歴、ブローカー推薦情報等。",
    "reference.questions.paragraph4.p4": "<span style=\"display: inline-block;margin-right:8px;width:6px;height:6px;border-radius: 3px;background-color: #888;\"></span>ビットコインの出金に手数料はかかりますか？",
    "reference.questions.paragraph5.p3": "”アカウント”タブでウォレットをクリックして相応の銘柄入金リンクをクリックすれば、マルチサインのビットコイン入金アドレスをもらえます。ネットワーク確認を一つ済ませば、資金はあなたのアカウントに入金されます。"
  }
}
