{
  "58main": {
    "header.deposit": "입금",
    "header.withdraw": "출금",
    "users.authTip": "디지털 통화 거래 감독 정책에 의하면 실명 인증을 완료해야만 출금 조작을 진행할 수 있습니다.",
    "users.modifyWithdraw": "출금, 비밀번호 변경 및 2차 인증",
    "users.resetFundPasswordTip": "안내：자금 비밀번호를 재설정하시면 24시간 동안 출금 조작을 진행할 수 없습니다.",
    "users.makeMoneySuccess": "출금 완료",
    "users.makeMoneyFail": "출금 실패",
    "users.tradingAndWithdrawals": "거래 및 출금",
    "users.modifyTips": "안내：휴대폰번호를 변경하면 24시간 동안 출금 조작을 진행할 수 없습니다.",
    "account.depositAddress": "입금 주소",
    "account.depositAddressTip": "안내: 입금 완료 후 입출금 계정에서 자금을 확인하십시오.",
    "account.depositAgree": "안내",
    "account.depositAgree1": "{currency} 주소를 사용하여 입금하면 네트워크 상 1회 확인 절차가 필요하지만 내부 이체는 확인 절차 없이 즉시 완료됩니다.",
    "account.depositAgree3": "최소 입금액：{amount} {currency}，최소 입금액보다 적게 입금하시면 자금은 입금되지 않습니다.",
    "account.depositAgree4": "위 주소로 {currency} 이외 기타 자산을 입금하지 마십시오. 기타 자산을 입금할 경우 되찾을 수 없습니다.",
    "account.depositAgree5": "{currency}를 58coin으로 입금하려면 입금 주소가 필요합니다. 정확한 입금 주소를 입력하여 주시기 바라며 주소를 잘못 입력하면 자산은 되찾을 수 없습니다.",
    "account.getWithdrawAddress": "{coin} 주소로 출금",
    "account.withdrawAmount": "출금 수량",
    "account.placeWithdrawNumber": "수량 입력하여 주십시오.",
    "account.withdrawRecord": "출금 내역",
    "account.depositRecord": "입금 내역",
    "account.tenWithdrawRecord": "최근 10회",
    "account.withdrawDate": "시간",
    "account.withdrawNumber": "출금 계정",
    "account.actualAmount": "수량",
    "account.withdrawAddress": "출금 주소",
    "account.trustMessage": "신뢰 주소로 출금할 경우 자금 비밀번호, 휴대폰 인증번호, 구글 인증번호를 입력하지 않으셔도 됩니다.",
    "account.takeFeeMessage": "출금 수수료는 사용 가능 잔액에서 별도로 공제됩니다.",
    "account.takeFeeMessageLength": "수수료는 이번 출금에서 필요한 최대 수수료입니다. 저희는 시스템 최적의 논리에 따라 출금 속도를 높이고 실제 수수료를 최소화할것 입니다. 구체적인 수수료는 출금 내역에 표시된 실제 수수료를 기준으로 합니다. 출금 수수료는 출금 수량 외에 별도로 공제되며 실제 입금된 수량은 출금 수량과 동일합니다.",
    "account.makeMoney": "디지털 자산 출금",
    "account.rechargeAddress": "입금 주소 혹 Txid",
    "account.rechargeQuantity": "입금 수량",
    "account.addressTip": "입금 완료 후 입출금 계정에서 자금을 확인하십시오.",
    "account.58BTips": "해당 토큰은 외부 주소로 출금할 수 없습니다.",
    "account.riskWarningContent": "UCC의 전칭은 UniChange Coin입니다. 위 주소로 UniChange Coin 이외 기타 자산을 입금하지 마십시오. 기타 자산 입금하면 되찾을 수 없습니다.",
    "account.UCCAddressTip": "UCC의 전칭은 UniChange Coin입니다. 위 주소로 UniChange Coin 이외 기타 자산을 입금하지 마십시오. 기타 자산을 입금하면 되찾을 수 없습니다.",
    "errorMessage.drawNumber": "정확한 출금 수량을 입력하여 주십시오.",
    "promptInformation.withdrawalAmount": "출금 금액을 입력하여 주십시오.",
    "promptInformation.minimumCash": "최소 출금 금액은 100원부터 입니다 ",
    "promptInformation.amountLimit": "출금 가능한 금액를 초과할 수 없습니다. ",
    "promptInformation.videoCertification": "출금 금액 5000원 이상부터 영상 인증이 필요합니다",
    "errorCode.142": "외부 주소로 출금할 수 없습니다",
    "errorCode.211": "해당 화폐의 출금 서비스는 일시적으로 중지되었습니다",
    "errorCode.212": "해당 화폐 종류의 출금 서비스 일시적으로 중지되었습니다. 고객센터로 문의하시기 바랍니다.",
    "depositStatus.successed": "입금 완료",
    "depositStatus.failed": "입금 실패",
    "typeList.fee": "수수료",
    "status.withdraw5": "출금 중"
  },
  "58new-spot": {
    "depositStates.FAILED": " 입금 실패"
  },
  "new-swap": {},
  "58nuxt-usdt": {
    "reference.overview.paragraph3.p4": "<span style=\"display: inline-block;margin-right:8px;width:6px;height:6px;border-radius: 3px;background-color: #888;\"></span><a href=\"/reference\" style=\"color: #597ab9\">자산 정보</a>︰이 탭에서는 계정의 모든 정보를 확인할 수 있습니다. 예: 현재 비트코인, 사용 가능 마진, 잔액, 입출금 정보, 거래 내역, 추천 계획 정보 등",
    "reference.questions.paragraph4.p4": "<span style=\"display: inline-block;margin-right:8px;width:6px;height:6px;border-radius: 3px;background-color: #888;\"></span>비트코인 출금 시 수수료가 있나요？",
    "reference.questions.paragraph5.p3": "\"계정\" 탭에서 지갑 관리를 클릭하여 입금 버튼을 클릭하면 비트코인 입금을 위한 멀티 시그니처 주소 페이지로 이동됩니다. 1회 인증 후 자금은 계좌로 입금됩니다."
  }
}
