{
  "58main": {
    "header.deposit": "Депозит",
    "header.withdraw": "Вывод средств",
    "users.authTip": "Согласно законам о цифровой валюте и об операциях с цифровой валютой, перед выводом средств, пользователи обязаны пройти верификацию.",
    "users.modifyWithdraw": "Используется для изменения паролей, вывода, двухфакторной авторизации",
    "users.resetFundPasswordTip": "Внимание! Сброс платежного пароля повлечет за собой 24 часовое ограничение на вывод средств",
    "users.makeMoneySuccess": "Вывод средств завершен",
    "users.makeMoneyFail": "Ошибка вывода средств",
    "users.tradingAndWithdrawals": "Используется для транзакций и вывода средств",
    "users.modifyTips": "Внимание! Изменение мобильного номера повлечет за собой 24 часовое ограничение на вывод средств",
    "account.depositAddress": "Адрес депозита",
    "account.depositAddressTip": "Следите за пополнением и выводом средств",
    "account.depositAgree": "Пополнение (важно)",
    "account.depositAgree1": "Для пополнения {currency} необходимо {amount} подтверждение. Для переводов внутри системы подтверждение не требуется",
    "account.depositAgree3": "Мин.сумма пополнения：{amount} {currency}",
    "account.depositAgree4": "По указанному адрес можно пополнять исключительно {currency}, в противном случае другой актив не будет возвращен",
    "account.depositAgree5": "Пополняя {currency} на 58 COIN необходимо указывать адрес пополнения и примечания. Внимательно проверяйте вводимую информацию. Активы невозможно вернуть , если были указаны неверные данные.",
    "account.getWithdrawAddress": "Адрес вывода {coin} валюты",
    "account.withdrawAmount": "Выводимая сумма",
    "account.placeWithdrawNumber": "Введите сумму",
    "account.withdrawRecord": "История выводов",
    "account.depositRecord": "История пополнения",
    "account.tenWithdrawRecord": "История выводов за 10 дней",
    "account.withdrawDate": "Время вывода",
    "account.withdrawNumber": "Аккаунт вывода",
    "account.actualAmount": "Выведенная сумма",
    "account.withdrawAddress": "Адрес вывода",
    "account.trustMessage": "Подтвержденным аккаунтам не нужно вводить платежный пароль, SMS коды и коды Google ",
    "account.takeFeeMessage": "Комиссия за вывод средств взимается из баланса",
    "account.takeFeeMessageLength": "Для данного вывода средств установлена самая высокая комиссия. Мы используем все механизмы для максимального уменьшения комиссии и быстрого вывода средств. Фактическая комиссия указана в Истории выводов. Комиссия за вывод взимается из баланса, количество выведенных средств и количество поступленных средств одинаково",
    "account.makeMoney": "Вывод цифровой валюты",
    "account.rechargeRecord": "История пополнения за 10 дней",
    "account.rechargeAddress": "Адрес пополнения или TXID ",
    "account.rechargeQuantity": "Сумма пополнения",
    "account.addressTip": "Пополнив баланс, проверяйте баланс  на главном счете",
    "account.58BTips": "Валюта не может быть выведена на внешний адрес",
    "account.riskWarningContent": "UCC - это UniChange Coin. Будьте внимательны при пополнении. Любые другие активы не будут возвращены в случаях пополнения этого адреса другими активами",
    "errorMessage.drawNumber": "Введите правильную сумму ",
    "promptInformation.minimumCash": "Минимум 100",
    "promptInformation.amountLimit": "Не может превышать сумму доступных средств",
    "promptInformation.videoCertification": "Для вывода 5000 и более необходимо пройти видео подтверждение",
    "promptInformation.drawTheNumber": "Введите выводимую сумму",
    "errorCode.142": "Нельзя выводить на внешний адрес",
    "errorCode.211": "Вывод этого вида монет временно приостановлен",
    "errorCode.212": "Этот вид монет временно недоступен для вывода, обратитесь в службу поддержки",
    "errorCode.0001": "Запрос вывода подтвержден",
    "safeNotice.safeNoticeName3": "Пополнение",
    "safeNotice.safeNoticeName4": "Вывод",
    "depositStatus.successed": "Поступление завершено",
    "depositStatus.failed": "Ошибка поступления",
    "typeList.fee": "Комиссия за вывод",
    "status.withdraw5": "В процессе вывода"
  },
  "58new-spot": {
    "depositStates.SUCCESSED": "Пополнение завершено",
    "depositStates.FAILED": " Ошибка пополнения"
  },
  "new-swap": {},
  "58nuxt-usdt": {
    "reference.overview.paragraph3.p4": "<span style=\"display: inline-block;margin-right:8px;width:6px;height:6px;border-radius: 3px;background-color: #888;\"></span><a href=\"/information\" style=\"color: #597ab9\">Информация об активах</a> - на этой вкладке отображаются вся информация о вашем аккаунте, в том числе текущий доступный баланс маржи в биткойнах, информация о депозитах и выведенных средствах, история сделок и партнерские программы, в которых вы участвуете",
    "reference.questions.paragraph4.p4": "<span style=\"display: inline-block;margin-right:8px;width:6px;height:6px;border-radius: 3px;background-color: #888;\"></span>Есть ли комиссии на вывод биткойнов? ",
    "reference.questions.paragraph5.p3": "На вкладке «Аккаунт» нажмите на Кошелек, выберите ссылку на пополнение соответствующей валюты. После одного подтверждения средства будут зачислены на ваш счет"
  }
}
